Word,Unrelated,Image,Condition,,,,
TRASH,STEAK,obj173trash.png,filler,,,,
TAPE,HEART,obj084tape.png,filler,,,,
BOARD,COACH,obj047wood.png,filler,,,,
GUN,GUEST,obj354gun.png,filler,,,,
SEESAW,KNIFE,obj386seesaw.png,filler,,,,
GLASS,PILOT,obj180glass.png,filler,,,,
BLOCK,SWING,obj118block.png,filler,,,,
CHEST,ANGEL,obj092chest.png,filler,,,,
JACKET,FRUIT,obj220jacket.png,filler,,,,
ROAD,VIRUS,obj356road.png,filler,,,,
WOMAN,CAMERA,obj515woman.png,filler,,,,
SHOVEL,OFFICE,obj395shovel.png,filler,,,,
BABY,DRIVER,obj017baby.png,filler,,,,
BACKPACK,MIRROR,obj020backpack.png,filler,,,,
FIRE,CHEEK,obj154fire.png,filler,,,,
PRESENT,MONKEY,obj337present.png,filler,,,,
CITY,DEATH,obj097city.png,filler,,,,
ROCK,ANIMAL,obj358rock.png,filler,,,,
CAR,SHIRT,obj081car.png,filler,,,,
GAS,POETRY,obj174gas.png,filler,,,,
PANTS,POLICE,obj298pants.png,filler,,,,
BUG,BALLOT,obj039bug.png,filler,,,,
PURSE,SISTER,obj340purse.png,filler,,,,
PRIEST,TOOTH,obj265priest.png,filler,,,,
GHOST,FERRY,obj177ghost.png,filler,,,,
PILLAR,SAFARI,obj105pillar.png,filler,,,,
BOAT,DITCH,obj048boat.png,filler,,,,
CHURCH,BLOOD,obj095church.png,filler,,,,
FLOOR,CHILD,obj162floor.png,filler,,,,
BUCKET,REGION,obj292bucket.png,filler,,,,
